Name,Slug,Collection ID,Item ID,Created On,Updated On,Published On,Tags,Er artikkel?,old-id,Img,Hovedinnhold,Preamble / Kort introtekst,Dato Created,Author / Created by,Er featured?
Er Elm relevant i 2025?,er-elm-relevant-i-2025,"","",Thu Feb 27 2025 12:32:29 GMT+0000 (Coordinated Universal Time),Mon Feb 27 2025 06:40:54 GMT+0000 (Coordinated Universal Time),,faglig,true,,https://cdn.prod.website-files.com/6214cf7582a16f2e3af3bcb1/67b2d9f0a50b2ac1536d632d_bilde2.jpeg,"<h2>Hvorfor snakke om Elm i 2025?</h2><p>I en verden dominert av React, Vue og Svelte kan det virke merkelig √• l√∏fte frem Elm ‚Äì et nisje-spr√•k som har eksistert siden 2012, men som nesten har f√¶rre releases siden da enn React har p√• et √•r. Men nettopp n√•, n√•r frontend-utviklingen blir stadig mer kompleks, og hvor klientene gj√∏r tunge l√∏ft som f√∏r h√∏rte hjemme p√• andre siden av et API-kall, er det verdt √• se n√¶rmere p√• hva Elm gj√∏r riktig.</p><h2>Hva er Elm?</h2><p>Elm er et funksjonelt programmeringsspr√•k spesielt designet for webapplikasjoner. Her er n√∏kkelforskjellene fra moderne JavaScript-rammeverk:</p><ul><li><strong>Ingen runtime-feil</strong>‚Äì N√•r koden kompilerer, kan den kj√∏re uten uventede krasj</li><li><strong>Fullstendig h√•ndtering av all mulig state</strong>‚Äì Kompilatoren hjelper deg med alle grensetilfeller</li><li><strong>Forutsigbar arkitektur</strong>‚Äì<a href=""https://guide.elm-lang.org/architecture/"">The Elm Architecture</a>(TEA) gir en klar struktur som skalerer godt</li><li><strong>Automatisk versjonsh√•ndtering</strong>‚Äì Kompilatoren oppdager breaking changes</li></ul><h3>React vs. Elm: Samme retning, ulik tiln√¶rming</h3><p>Det er fascinerende √• se hvordan React har utviklet seg de siste √•rene:</p><ul><li>React introduserte hooks for √• h√•ndtere state mer funksjonelt</li><li>Redux (inspirert av Elm) ble standard for kompleks h√•ndtering av state</li><li>TypeScript (sterk typing) ble nesten obligatorisk for seri√∏se prosjekter</li><li>React Server Components isolerer sideeffekter p√• serversiden</li></ul><p><strong>Men det er en viktig forskjell:</strong>React<em>anbefaler</em>funksjonell programmering og immutabilitet, mens Elm<em>krever</em>det. I React kan du fortsatt mutere variabler og state, blande paradigmer, og skape runtime-feil. I Elm er det rett og slett umulig. For ikke √• snakke om hvor historiel√∏s og uansvarlig tiln√¶rming til arkitektur man finner i b√•de store og sm√• React-prosjekter.</p><p>Som en senior React-utvikler sa til meg nylig: ""God React-kode i 2025 ligner mistenkelig p√• Elm-kode fra 2015.""</p><h3>En kjapp historietime f√∏r vi g√•r videre</h3><p>For √• forst√• hvorfor Elm er bygget som det er, og hvorfor det fortsatt er relevant, m√• vi ta et skritt tilbake og se p√• den st√∏rre historien om programmeringsparadigmer. Denne utviklingen handler om noe fundamentalt:<strong>Hvordan vi gradvis har fjernet farlige friheter for √• skape mer p√•litelig kode.</strong></p><p><strong>Merk</strong>: N√• skal det sies at funksjonell programmering strengt tatt er eldre enn de andre paradigmene. Men jeg velger likevel √• plassere det p√• slutten av en rekke iterasjoner som utvikler seg fra kaos til kontroll.</p><h3>Paradigmeutvikling: √Ö ta vekk muligheter for √• f√• mer kontroll</h3><h2>üèó F√∏r strukturert programmering ‚Äì<em>""Full frihet, full kaos""</em></h2><p>F√∏r 1960-tallet skrev utviklere ofte kode i en<strong>rent imperativ stil</strong>, hvor programmer besto av sekvenser av kommandoer med<strong>GOTO-setninger</strong>for √• hoppe mellom ulike deler av programmet.</p><p>üî¥<strong>Problem:</strong>Koden ble vanskelig √• forst√• og vedlikeholde (¬´spaghetti-kode¬ª). Ingen garantier for at en sekvens av operasjoner var fornuftig, og feil ble uforutsigbare. ""Undefined behaviour"" ble en slags obligatorisk blindpassasjer.</p><hr><h2>üìè Strukturert programmering ‚Äì<em>""Ingen flere vilk√•rlige hopp!""</em></h2><p><a href=""https://en.wikipedia.org/wiki/Edsger_W._Dijkstra"">Edsger W. Dijkstra</a>og andre datavitere p√• 1960-70-tallet argumenterte for at all programlogikk burde kunne uttrykkes gjennom<strong>sekvenser, valg (if/while/switch) og l√∏kker</strong>. Dette gjorde programmer mer forutsigbare. Dijkstras ber√∏mte artikkel<a href=""https://homepages.cwi.nl/~storm/teaching/reader/Dijkstra68.pdf"">""Go To Statement Considered Harmful""</a>(1968) var et vendepunkt.</p><p>‚úÇ<strong>Fjernet:</strong>GOTO<br>‚úÖ<strong>Resultat:</strong>Klarere kontrollflyt, lettere √• debugge</p><hr><h2>üèõ Objektorientert programmering (OOP) ‚Äì<em>""Trygg polymorfisme!""</em></h2><p>OOP oppsto p√• 1980-90-tallet som en respons p√• behovet for mer fleksible og utvidbare systemer. Den st√∏rste innovasjonen var ‚Äì etter min mening ‚Äì kanskje ikke innkapsling av tilstand, men<strong>trygg polymorfisme</strong>gjennom grensesnitt og arv.</p><p>‚úÇ<strong>Fjernet:</strong>Utrygge ""pointers to functions"" og hardkodede avhengigheter<br>‚úÖ<strong>Resultat:</strong></p><ul><li><strong><a href=""https://en.wikipedia.org/wiki/Dependency_inversion_principle"">Dependency Inversion</a></strong>‚Äì H√∏yniv√•moduler kan n√• avhenge av abstraksjoner, ikke konkrete implementasjoner</li><li><strong>Plugin-arkitektur</strong>‚Äì Systemer kan utvides uten √• endre eksisterende kode</li><li><strong>Testbarhet</strong>‚Äì Avhengigheter kan enkelt byttes ut med mock-objekter</li></ul><p>F√∏r OOP m√•tte utviklere bruke farlige ""pointers to functions"" for √• oppn√• polymorfisme. OOP gjorde dette trygt og forutsigbart gjennom virtuelle funksjoner og grensesnitt. Som<a href=""https://blog.cleancoder.com/uncle-bob/2016/01/04/ALittleArchitecture.html"">Robert C. Martin (""Uncle Bob"")</a>p√•peker, var dette et stort fremskritt for arkitektonisk fleksibilitet.</p><hr><h2>üß© Funksjonell programmering (FP) ‚Äì<em>""Fjern mutabilitet og bivirkninger!""</em></h2><p>FP har riktignok r√∏tter tilbake til 1950-tallet (<a href=""https://en.wikipedia.org/wiki/Lisp_(programming_language)"">Lisp</a>), men fikk √∏kt popularitet med spr√•k som<a href=""https://www.haskell.org/"">Haskell</a>, Elm og moderne bruk i TypeScript og React. M√•let er √• eliminere<strong>uventede bivirkninger</strong>, sikre at funksjoner alltid gir samme output for samme input, og unng√• delt state. Jeg har valgt √• se p√• det som neste (og siste) iterasjon p√• stigen mot √• fjerne kaos.</p><p>‚úÇ<strong>Fjernet:</strong></p><ul><li>Mutabel state</li><li>Skjulte side effects</li><li>Objektorientert kompleksitet</li></ul><p>‚úÖ<strong>Resultat:</strong>Mer forutsigbar og testbar kode, men ofte brattere l√¶ringskurve.</p><hr><h2>üîÑ Fellesnevner: Hver epoke har handlet om √• fjerne feilbarlige friheter (ikke legge til nye fancy features)</h2><ol><li><strong>Strukturert programmering:</strong>Fjernet vilk√•rlige hopp (GOTO)</li><li><strong>OOP:</strong>Fjernet ukontrollert deling av state</li><li><strong>FP:</strong>Fjernet mutabilitet og skjulte side effects</li></ol><p>M√•let har alltid v√¶rt det samme:<strong>Mindre kaos, mer kontroll</strong>. üî•</p><p>Dette er selvsagt en forenklet fremstilling av programmeringshistorien, men essensen er klar:<strong>God kode handler ikke om maksimal frihet, men om velvalgte begrensninger.</strong>De beste verkt√∏yene hjelper oss √• unng√• feil, ikke bare √• rette dem.</p><h3>Elm: Radikalt funksjonelt</h3><p>Elm tar dette siste skrittet radikalt ved √• gj√∏re immutabilitet obligatorisk:</p><pre><code>-- Eksempel p√• Elm som forbyr mutasjon
update : Model -> Model
update model =
    { model | count = model.count + 1 }  -- Returnerer NY modell, mutasjon er umulig

-- Kompilatoren vil stoppe deg hvis du pr√∏ver:
-- model.count = 5  ‚Üê Kompileringsfeil!
</code></pre><p>Dette minner om<a href=""https://github.com/matthiasn/talk-transcripts/blob/master/Hickey_Rich/SimpleMadeEasy.md"">Rich Hickeys</a>p√•stand om enkelthet gjennom begrensninger i hans ber√∏mte foredrag<a href=""https://www.youtube.com/watch?v=SxdOUGdseq4"">""Simple Made Easy""</a>, og<a href=""http://worrydream.com/"">Bret Victors</a>observasjon fra<a href=""https://www.youtube.com/watch?v=PUv66718DII"">""Inventing on Principle""</a>: ""The most important property of a program is whether it is correct. The second most important is whether it can be changed without breaking its correctness.""</p><h3>N√•r begrensninger gir frihet</h3><p>Ironisk nok gir Elms strenge begrensninger oss flere fordeler:</p><ul><li><strong>Enklere feils√∏king</strong>: N√•r data aldri endres, slipper du √• lure p√• ""hvem eller hva endret denne verdien?""</li></ul><pre><code>// I JavaScript kan dette skje:
let user = { name: ""Ada"" };
someFunction(user); // user kan bli endret her
console.log(user.name); // Hva er navnet n√•? Umulig √• vite uten √• lese someFunction

// Du kan ogs√• re-assigne `let`
user = ""user is now a string, not an object!"";
console.log(user.name); // N√• er user.name `undefined`
</code></pre><p>I Elm er dette umulig - du f√•r compile-time error hvis du pr√∏ver √• mutere:</p><pre><code>-- I Elm:
user = { name = ""Ada"" }

-- Dette kompilerer ikke:
user.name = ""Grace""  -- FEIL: Elm har ikke variabel-mutasjon.

-- Dette kompilerer heller ikke:
user = { name = ""Grace"" }  -- FEIL: Elm kan ikke re-assigne variabler

-- Riktig m√•te i Elm:
updatedUser = { user | name = ""Grace"" }  -- Lager en ny kopi med endret navn

-- Eller i en funksjon med let-in:
updateName name user =
    let
        updatedUser = { user | name = name }
    in
    updatedUser
</code></pre><ul><li><strong>Forutsigbar kode</strong>: Rene funksjoner + uforanderlige data = samme input gir alltid samme output</li></ul><pre><code>-- Elm-funksjoner er alltid rene, og har ikke side effects
sum : List Int -> Int  -- Gitt samme liste, alltid samme sum; og listen som sendes inn vil (igjen) ikke kunne muteres
</code></pre><ul><li><strong>Tryggere refaktorering</strong>: Kompilatoren finner alle steder som m√• oppdateres</li></ul><pre><code>type Msg
    = OldMessage  -- Endrer til NewMessage
    ‚Üì
    = NewMessage
-- Kompilatoren viser alle case-m√∏nstre som m√• oppdateres
</code></pre><ul><li><strong>Mindre mental belastning</strong>: Du trenger ikke holde hele tilstandshistorikken i hodet</li></ul><pre><code>view : Model -> Html Msg  -- Kun gjeldende state er relevant
</code></pre><p>Mye av dette ligner unektelig p√• hvordan React kan se ut i beste fall. Men Elm tvinger deg inn i ""beste fall""!</p><h3>Moderne fordeler i praksis</h3><p>I 2025 gir Elm flere konkrete fordeler for moderne webapplikasjoner:</p><ol><li><strong>Null runtime exceptions</strong>‚Äì N√•r koden kompilerer, krasjer den ikke:</li></ol><pre><code>-- Dette kompilerer ikke:
text 5  -- Type error: Expected String, got Int

-- Dette kompilerer:
text (String.fromInt 5)  -- Trygt og forutsigbart
</code></pre><ol start=""2""><li><strong>Automatisk refaktorering</strong>‚Äì Kompilatoren finner alle steder som m√• endres:</li></ol><pre><code>-- Endre en datamodell:
type alias User = { name : String }
‚Üì
type alias User = { name : String, email : String }

-- Kompilatoren markerer alle funksjoner som m√• oppdateres
</code></pre><ol start=""3""><li><strong>Garantert h√•ndtering av alle tilstander</strong>‚Äì Ingen ""undefined is not a function"":</li></ol><pre><code>-- M√• h√•ndtere b√•de Just og Nothing:
case maybeUser of
    Just user ->
        viewUser user

    Nothing ->
        text ""Ingen bruker funnet""
</code></pre><ol start=""4""><li><strong>Optimalisert rendering</strong>‚Äì Virtual DOM med automatisk diffing:</li></ol><pre><code>-- Elm oppdaterer bare DOM-elementer som faktisk endres
view : Model -> Html Msg
view model =
    div []
        [ header [] [ text model.title ]
        , content [] [ text model.content ]
        ]
</code></pre><ol start=""5""><li><strong>Forutsigbar state management</strong>‚Äì √ân kilde til sannhet:</li></ol><pre><code>-- All state er samlet i √©n modell
type alias Model =
    { users : List User
    , currentPage : Page
    , isLoading : Bool
    }
</code></pre><h2>SOLID by default</h2><p>Elm-arkitekturen (The Elm Architecture, eller bare TEA) er en enkel, men kraftfull modell for √• bygge webapplikasjoner. Den best√•r av tre hoveddeler:</p><ol><li><strong>Model</strong>- Applikasjonens tilstand</li><li><strong>Update</strong>- Hvordan tilstanden endres som respons til hendelser</li><li><strong>View</strong>- Hvordan tilstanden vises i brukergrensesnittet</li></ol><img src=""https://guide.elm-lang.org/architecture/buttons.svg"" alt=""The Elm Architecture Diagram""><em>Bildekilde:<a href=""https://guide.elm-lang.org/architecture/"">Elm Guide</a></em><h3>Hvordan det fungerer</h3><ol><li><strong>Brukerinteraksjon</strong>trigger en<code>Msg</code>(melding)</li><li><code>Update</code>-funksjonen tar imot meldingen og returnerer en ny<code>Model</code></li><li>Den nye<code>Model</code>-en sendes til<code>View</code>-funksjonen</li><li><code>View</code>-funksjonen genererer ny HTML som vises til brukeren</li></ol><p>Dette m√∏nsteret tvinger frem<a href=""https://en.wikipedia.org/wiki/SOLID"">SOLID-prinsippene</a>‚Äì enten du vil eller ikke:</p><ol><li><strong><a href=""https://en.wikipedia.org/wiki/Single-responsibility_principle"">Single Responsibility</a></strong>‚Äì Elm tvinger deg til √• separere View, Update og Model. Hver funksjon har √©n jobb, og √©n ""reason to change"", og kompilatoren klager hvis du pr√∏ver √• blande ansvarsomr√•der.</li><li><strong><a href=""https://en.wikipedia.org/wiki/Open%E2%80%93closed_principle"">Open/Closed</a></strong>‚Äì Ny funksjonalitet legges til ved √• utvide Msg-typen med nye varianter, ikke ved √• modifisere eksisterende kode. Elm-arkitekturen er designet for utvidelse!</li><li><strong><a href=""https://en.wikipedia.org/wiki/Liskov_substitution_principle"">Liskov Substitution</a></strong>‚Äì Automatisk oppfylt gjennom Elms typesystem og union types:</li></ol><pre><code>-- I Elm er LSP umulig √• bryte - kompilatoren tillater det ikke
type Shape
    = Circle Float
    | Rectangle Float Float

area : Shape -> Float
area shape =
    case shape of
        Circle radius ->
            pi * radius * radius

        Rectangle width height ->
            width * height

-- Pr√∏v √• legge til Triangle uten √• oppdatere area-funksjonen
-- Kompilatoren: ""Godt fors√∏k, pr√∏v igjen.""
</code></pre><ol start=""4""><li><strong><a href=""https://en.wikipedia.org/wiki/Interface_segregation_principle"">Interface Segregation</a></strong>‚Äì Elm oppmuntrer til sm√•, fokuserte moduler og typer. Ingen ""mega-interfaces"" som tvinger implementasjoner til √• st√∏tte un√∏dvendige metoder.</li><li><strong><a href=""https://en.wikipedia.org/wiki/Dependency_inversion_principle"">Dependency Inversion</a></strong>‚Äì All kommunikasjon g√•r gjennom meldinger (Msg) og abstraksjoner. H√∏yniv√•moduler avhenger aldri av lavniv√•detaljer.</li></ol><p>Der andre spr√•k tilbyr SOLID som ""best practices"" du kan f√∏lge hvis du er disiplinert, er de en obligatorisk del av Elms DNA. Kompilatoren er din ubarmhjertige arkitektur-mentor.</p><p>(Og s√• har du C#, som selv bryter LSP i innebygde typer:</p><pre><code>ArrayList list = new List&lt;int&gt;(); // Skal fungere i teorien, men gj√∏r ikke det
list.Add(""Hello""); // Dette er lov i ArrayList, men ikke i List&lt;int&gt;
int num = (int)list[0]; // Kaster runtime-feil hvis string er lagt til
</code></pre><p>, men det er en annen artikkel.)</p><h2>The Elm Architecture vs. Clean Architecture</h2><p>Clean Architecture (CA) handler om √• organisere kode slik at forretningslogikken er uavhengig av rammeverk og UI. Hvordan passer TEA inn her?</p><h3>1. Separerer UI fra logikk</h3><ul><li>Akkurat som CA, har TEA en klar separasjon mellom presentasjonslaget (<strong>View</strong>) og domenelogikken (<strong>Model + Update</strong>).</li><li>Dette betyr at man kan endre UI uten √• endre domenelogikken.</li></ul><h3>2. Strukturering av forretningslogikk</h3><ul><li>TEA har ikke et eksplisitt ""use case-lag"" slik CA anbefaler.</li><li>Men<strong>Update-funksjonen</strong>kan sees p√• som en<em>interactor</em>i CA, hvor den tar inn en hendelse og bestemmer en tilstandsendring.</li></ul><h3>3. Uavhengighet fra eksterne systemer</h3><ul><li>I Clean Architecture skal forretningslogikken v√¶re<strong>uavhengig</strong>av databaser, UI eller tredjeparts API-er.</li><li>TEA sikrer dette ved √• bruke<strong>Cmd</strong>for sideeffekter, slik at API-kall og lignende ligger utenfor kjernearkitekturen.</li></ul><h3>4. Enkel testing</h3><ul><li>Begge arkitekturer fremmer<strong>testbar kode</strong>.</li><li>TEA sin rene funksjonelle tiln√¶rming gj√∏r det lett √• enhetsteste<strong>Update-funksjonen</strong>uten √• tenke p√• eksterne avhengigheter.</li></ul><hr><h3>Oppsummering</h3><table><thead><tr><th><strong>Kriterium</strong></th><th><strong>The Elm Architecture</strong></th><th><strong>Clean Architecture</strong></th></tr></thead><tbody><tr><td><strong>Separasjonsprinsipp</strong></td><td>God separasjon av UI, logikk og tilstand</td><td>Fremmer separasjon av lag</td></tr><tr><td><strong>Utvidbarhet</strong></td><td>Enkel √• utvide med nye meldinger, men Update kan bli stor</td><td>Fremmer fleksibilitet</td></tr><tr><td><strong>Testbarhet</strong></td><td>Lett √• teste pga. rene funksjoner</td><td>Fremmer testbarhet</td></tr><tr><td><strong>Uavhengighet av UI</strong></td><td>Ja, via Model og Update</td><td>Hovedm√•l i Clean Architecture</td></tr><tr><td><strong>Sideeffekter</strong></td><td>H√•ndteres via ""Cmd""</td><td>Anbefaler isolasjon av sideeffekter</td></tr></tbody></table><hr><p>TEA samsvarer overraskende godt ogs√• med Clean Architecture, selv om det er tilpasset en funksjonell kontekst. Spesielt<strong>separasjon av UI og logikk</strong>, testbarhet og h√•ndtering av sideeffekter er sterke sider ved TEA. Hvis man vil bruke TEA i st√∏rre systemer, kan det v√¶re nyttig √• strukturere<strong>Update-funksjonen</strong>mer modul√¶rt, slik at den ikke blir en<em>God-funksjon</em>.</p><h2>Moderne frontend-utvikling trenger dette</h2><p>I 2025 ser vi et paradoks: Verkt√∏yene blir enklere, men applikasjonene blir mer komplekse. Elm adresserer dette gjennom:</p><ol><li><strong>Typesikkerhet uten konfigurasjon</strong>‚Äì Ingen kompliserte TypeScript-oppsett</li><li><strong>Trygg refaktorering</strong>‚Äì Kompilatoren finner alle steder som m√• endres</li><li><strong>Isolerte sideeffekter</strong>‚Äì Gj√∏r testing og feils√∏king enklere</li><li><strong>Felles arkitekturm√∏nster</strong>‚Äì Reduserer diskusjoner om kodestruktur</li></ol><h2>N√•r b√∏r du vurdere Elm?</h2><p>Elm passer spesielt godt n√•r:</p><ol><li>Du bygger en kompleks frontend-applikasjon</li><li>Robusthet og vedlikeholdbarhet er kritisk</li><li>Du har mulighet til √• trene opp teamet</li><li>Du starter et nytt prosjekt fra bunnen</li></ol><h2>Utfordringene</h2><p>La oss v√¶re √¶rlige om utfordringene ogs√•:</p><ul><li>Bratt l√¶ringskurve for utviklere vant til imperativ programmering</li><li>Mindre √∏kosystem enn React/Vue</li><li>F√¶rre utviklere tilgjengelig</li><li>Kan v√¶re vanskelig √• ""selge inn"" til beslutningstakere</li></ul><h2>Konklusjon</h2><p>Elms relevans i 2025 ligger ikke i markedsandeler, men som arkitektonisk kompass. Mange av dens prinsipper finner vi igjen i:</p><ul><li><a href=""https://react.dev/blog/2023/03/22/react-labs-what-we-have-been-working-on-march-2023#react-server-components"">React Server Components</a>' isolering av effekter</li><li>TypeScripts stadig strengere type-system</li><li>Veksten av compile-time-verkt√∏y som<a href=""https://trpc.io/"">tRPC</a>og<a href=""https://zod.dev/"">Zod</a></li></ul><p>Igjen: det diverse ""best-practices"" oppfordrer den drevne utvikler til √• legge vinn p√•, er en obligatorisk del av Elm. Visst kan (og b√∏r!) du skrive funksjonell React med god arkitektur, sterke typer og isolerte side effects; med Elm f√•r du rett og slett ikke lov til noe annet.</p><h2>Ressurser for √• komme i gang</h2><ul><li><a href=""https://guide.elm-lang.org/"">Elm Guide</a>‚Äì Den offisielle guiden</li><li><a href=""https://amzn.to/41z14kq"">Elm in Action</a>‚Äì En utmerket bok for √• l√¶re hvordan Elm fungerer i st√∏rre applikasjoner</li><li><a href=""https://elm-lang.org/community"">Elm Community</a>‚Äì Et uvanlig hjelpsomt og √•pent community, inkludert Slack, Discourse osv</li><li><a href=""https://www.elm-spa.dev/"">elm-spa</a>‚Äì For √• bygge Single Page Applications<ul><li>(Evt. mitt<a href=""https://github.com/cekrem/create-elm-live-app"">hjemmesnekrede opplegg</a>fra gamledager, som gj√∏r mye av det samme)</li></ul></li><li><a href=""https://elm.land/"">Elm Land</a>‚Äì Nytt meta-rammeverk (2024)</li></ul>","  I en verden dominert av React, Vue og Svelte kan det virke merkelig √• l√∏fte
  frem Elm ‚Äì et nisje-spr√•k som har eksistert siden 2012, men som nesten har
  f√¶rre releases siden da enn React har p√• et √•r. Men nettopp n√•, n√•r
  frontend-utviklingen blir stadig mer kompleks, og hvor klientene gj√∏r tunge
  l√∏ft som f√∏r h√∏rte hjemme p√• andre siden av et API-kall, er det verdt √• se
  n√¶rmere p√• hva Elm gj√∏r riktig.
",Fri Feb 27 2025 00:00:00 GMT+0000 (Coordinated Universal Time),Christian Ekrem,true
